provider_id,provider_label,model_id,prompt_id,prompt_idx,test_id,test_idx,expected,predicted,outcome,error_type,error,raw_output
python:custom_provider.py,synthetic-fixture-v1,synthetic-fixture-v1,64367ed8138313dac6eb515cdbe1d4890752fcd938bd9fbc456fa0fdad36b4dd,0,python/01_insecure_sql.py,0,yes,yes,TP,,,"{""cwe"": ""CWE-89"", ""is_vuln"": ""yes"", ""rationale"": ""Deterministic offline fixture derived from the dataset label."", ""title"": ""Synthetic fixture finding""}"
python:custom_provider.py,synthetic-fixture-v1,synthetic-fixture-v1,dcc87425f72de214aa226c3d92de4ae20404e4136ec4cddbd147fa18af70dfea,1,python/01_insecure_sql.py,0,yes,yes,TP,,,"{""cwe"": ""CWE-89"", ""is_vuln"": ""yes"", ""rationale"": ""Deterministic offline fixture derived from the dataset label."", ""title"": ""Synthetic fixture finding""}"
python:custom_provider.py,synthetic-fixture-v1,synthetic-fixture-v1,64367ed8138313dac6eb515cdbe1d4890752fcd938bd9fbc456fa0fdad36b4dd,0,python/02_safe_param.py,1,no,no,TN,,,"{""cwe"": null, ""is_vuln"": ""no"", ""rationale"": ""Deterministic offline fixture derived from the dataset label."", ""title"": ""Synthetic fixture safe""}"
python:custom_provider.py,synthetic-fixture-v1,synthetic-fixture-v1,dcc87425f72de214aa226c3d92de4ae20404e4136ec4cddbd147fa18af70dfea,1,python/02_safe_param.py,1,no,no,TN,,,"{""cwe"": null, ""is_vuln"": ""no"", ""rationale"": ""Deterministic offline fixture derived from the dataset label."", ""title"": ""Synthetic fixture safe""}"
python:custom_provider.py,synthetic-fixture-v1,synthetic-fixture-v1,64367ed8138313dac6eb515cdbe1d4890752fcd938bd9fbc456fa0fdad36b4dd,0,python/03_os_cmd.py,2,yes,yes,TP,,,"{""cwe"": null, ""is_vuln"": ""yes"", ""rationale"": ""Deterministic offline fixture derived from the dataset label."", ""title"": ""Synthetic fixture finding""}"
python:custom_provider.py,synthetic-fixture-v1,synthetic-fixture-v1,dcc87425f72de214aa226c3d92de4ae20404e4136ec4cddbd147fa18af70dfea,1,python/03_os_cmd.py,2,yes,yes,TP,,,"{""cwe"": null, ""is_vuln"": ""yes"", ""rationale"": ""Deterministic offline fixture derived from the dataset label."", ""title"": ""Synthetic fixture finding""}"
python:custom_provider.py,synthetic-fixture-v1,synthetic-fixture-v1,64367ed8138313dac6eb515cdbe1d4890752fcd938bd9fbc456fa0fdad36b4dd,0,python/04_os_cmd_safe.py,3,no,no,TN,,,"{""cwe"": null, ""is_vuln"": ""no"", ""rationale"": ""Deterministic offline fixture derived from the dataset label."", ""title"": ""Synthetic fixture safe""}"
python:custom_provider.py,synthetic-fixture-v1,synthetic-fixture-v1,dcc87425f72de214aa226c3d92de4ae20404e4136ec4cddbd147fa18af70dfea,1,python/04_os_cmd_safe.py,3,no,no,TN,,,"{""cwe"": null, ""is_vuln"": ""no"", ""rationale"": ""Deterministic offline fixture derived from the dataset label."", ""title"": ""Synthetic fixture safe""}"
python:custom_provider.py,synthetic-fixture-v1,synthetic-fixture-v1,64367ed8138313dac6eb515cdbe1d4890752fcd938bd9fbc456fa0fdad36b4dd,0,python/05_deser.py,4,yes,yes,TP,,,"{""cwe"": ""CWE-502"", ""is_vuln"": ""yes"", ""rationale"": ""Deterministic offline fixture derived from the dataset label."", ""title"": ""Synthetic fixture finding""}"
python:custom_provider.py,synthetic-fixture-v1,synthetic-fixture-v1,dcc87425f72de214aa226c3d92de4ae20404e4136ec4cddbd147fa18af70dfea,1,python/05_deser.py,4,yes,yes,TP,,,"{""cwe"": ""CWE-502"", ""is_vuln"": ""yes"", ""rationale"": ""Deterministic offline fixture derived from the dataset label."", ""title"": ""Synthetic fixture finding""}"
python:custom_provider.py,synthetic-fixture-v1,synthetic-fixture-v1,64367ed8138313dac6eb515cdbe1d4890752fcd938bd9fbc456fa0fdad36b4dd,0,python/06_hash.py,5,yes,yes,TP,,,"{""cwe"": null, ""is_vuln"": ""yes"", ""rationale"": ""Deterministic offline fixture derived from the dataset label."", ""title"": ""Synthetic fixture finding""}"
python:custom_provider.py,synthetic-fixture-v1,synthetic-fixture-v1,dcc87425f72de214aa226c3d92de4ae20404e4136ec4cddbd147fa18af70dfea,1,python/06_hash.py,5,yes,yes,TP,,,"{""cwe"": null, ""is_vuln"": ""yes"", ""rationale"": ""Deterministic offline fixture derived from the dataset label."", ""title"": ""Synthetic fixture finding""}"
python:custom_provider.py,synthetic-fixture-v1,synthetic-fixture-v1,64367ed8138313dac6eb515cdbe1d4890752fcd938bd9fbc456fa0fdad36b4dd,0,python/07_eval.py,6,yes,yes,TP,,,"{""cwe"": ""CWE-94"", ""is_vuln"": ""yes"", ""rationale"": ""Deterministic offline fixture derived from the dataset label."", ""title"": ""Synthetic fixture finding""}"
python:custom_provider.py,synthetic-fixture-v1,synthetic-fixture-v1,dcc87425f72de214aa226c3d92de4ae20404e4136ec4cddbd147fa18af70dfea,1,python/07_eval.py,6,yes,yes,TP,,,"{""cwe"": ""CWE-94"", ""is_vuln"": ""yes"", ""rationale"": ""Deterministic offline fixture derived from the dataset label."", ""title"": ""Synthetic fixture finding""}"
python:custom_provider.py,synthetic-fixture-v1,synthetic-fixture-v1,64367ed8138313dac6eb515cdbe1d4890752fcd938bd9fbc456fa0fdad36b4dd,0,python/08_eval_guard.py,7,yes,yes,TP,,,"{""cwe"": ""CWE-94"", ""is_vuln"": ""yes"", ""rationale"": ""Deterministic offline fixture derived from the dataset label."", ""title"": ""Synthetic fixture finding""}"
python:custom_provider.py,synthetic-fixture-v1,synthetic-fixture-v1,dcc87425f72de214aa226c3d92de4ae20404e4136ec4cddbd147fa18af70dfea,1,python/08_eval_guard.py,7,yes,yes,TP,,,"{""cwe"": ""CWE-94"", ""is_vuln"": ""yes"", ""rationale"": ""Deterministic offline fixture derived from the dataset label."", ""title"": ""Synthetic fixture finding""}"
python:custom_provider.py,synthetic-fixture-v1,synthetic-fixture-v1,64367ed8138313dac6eb515cdbe1d4890752fcd938bd9fbc456fa0fdad36b4dd,0,python/09_xss_flask.py,8,yes,yes,TP,,,"{""cwe"": ""CWE-79"", ""is_vuln"": ""yes"", ""rationale"": ""Deterministic offline fixture derived from the dataset label."", ""title"": ""Synthetic fixture finding""}"
python:custom_provider.py,synthetic-fixture-v1,synthetic-fixture-v1,dcc87425f72de214aa226c3d92de4ae20404e4136ec4cddbd147fa18af70dfea,1,python/09_xss_flask.py,8,yes,yes,TP,,,"{""cwe"": ""CWE-79"", ""is_vuln"": ""yes"", ""rationale"": ""Deterministic offline fixture derived from the dataset label."", ""title"": ""Synthetic fixture finding""}"
python:custom_provider.py,synthetic-fixture-v1,synthetic-fixture-v1,64367ed8138313dac6eb515cdbe1d4890752fcd938bd9fbc456fa0fdad36b4dd,0,python/10_xss_escape.py,9,yes,yes,TP,,,"{""cwe"": ""CWE-79"", ""is_vuln"": ""yes"", ""rationale"": ""Deterministic offline fixture derived from the dataset label."", ""title"": ""Synthetic fixture finding""}"
python:custom_provider.py,synthetic-fixture-v1,synthetic-fixture-v1,dcc87425f72de214aa226c3d92de4ae20404e4136ec4cddbd147fa18af70dfea,1,python/10_xss_escape.py,9,yes,yes,TP,,,"{""cwe"": ""CWE-79"", ""is_vuln"": ""yes"", ""rationale"": ""Deterministic offline fixture derived from the dataset label."", ""title"": ""Synthetic fixture finding""}"
python:custom_provider.py,synthetic-fixture-v1,synthetic-fixture-v1,64367ed8138313dac6eb515cdbe1d4890752fcd938bd9fbc456fa0fdad36b4dd,0,javascript/01_sql_concat.js,10,yes,yes,TP,,,"{""cwe"": ""CWE-89"", ""is_vuln"": ""yes"", ""rationale"": ""Deterministic offline fixture derived from the dataset label."", ""title"": ""Synthetic fixture finding""}"
python:custom_provider.py,synthetic-fixture-v1,synthetic-fixture-v1,dcc87425f72de214aa226c3d92de4ae20404e4136ec4cddbd147fa18af70dfea,1,javascript/01_sql_concat.js,10,yes,yes,TP,,,"{""cwe"": ""CWE-89"", ""is_vuln"": ""yes"", ""rationale"": ""Deterministic offline fixture derived from the dataset label."", ""title"": ""Synthetic fixture finding""}"
python:custom_provider.py,synthetic-fixture-v1,synthetic-fixture-v1,64367ed8138313dac6eb515cdbe1d4890752fcd938bd9fbc456fa0fdad36b4dd,0,javascript/02_sql_param.js,11,no,no,TN,,,"{""cwe"": null, ""is_vuln"": ""no"", ""rationale"": ""Deterministic offline fixture derived from the dataset label."", ""title"": ""Synthetic fixture safe""}"
python:custom_provider.py,synthetic-fixture-v1,synthetic-fixture-v1,dcc87425f72de214aa226c3d92de4ae20404e4136ec4cddbd147fa18af70dfea,1,javascript/02_sql_param.js,11,no,no,TN,,,"{""cwe"": null, ""is_vuln"": ""no"", ""rationale"": ""Deterministic offline fixture derived from the dataset label."", ""title"": ""Synthetic fixture safe""}"
python:custom_provider.py,synthetic-fixture-v1,synthetic-fixture-v1,64367ed8138313dac6eb515cdbe1d4890752fcd938bd9fbc456fa0fdad36b4dd,0,javascript/03_exec.js,12,yes,yes,TP,,,"{""cwe"": ""CWE-78"", ""is_vuln"": ""yes"", ""rationale"": ""Deterministic offline fixture derived from the dataset label."", ""title"": ""Synthetic fixture finding""}"
python:custom_provider.py,synthetic-fixture-v1,synthetic-fixture-v1,dcc87425f72de214aa226c3d92de4ae20404e4136ec4cddbd147fa18af70dfea,1,javascript/03_exec.js,12,yes,yes,TP,,,"{""cwe"": ""CWE-78"", ""is_vuln"": ""yes"", ""rationale"": ""Deterministic offline fixture derived from the dataset label."", ""title"": ""Synthetic fixture finding""}"
python:custom_provider.py,synthetic-fixture-v1,synthetic-fixture-v1,64367ed8138313dac6eb515cdbe1d4890752fcd938bd9fbc456fa0fdad36b4dd,0,javascript/04_exec_safe.js,13,no,no,TN,,,"{""cwe"": null, ""is_vuln"": ""no"", ""rationale"": ""Deterministic offline fixture derived from the dataset label."", ""title"": ""Synthetic fixture safe""}"
python:custom_provider.py,synthetic-fixture-v1,synthetic-fixture-v1,dcc87425f72de214aa226c3d92de4ae20404e4136ec4cddbd147fa18af70dfea,1,javascript/04_exec_safe.js,13,no,no,TN,,,"{""cwe"": null, ""is_vuln"": ""no"", ""rationale"": ""Deterministic offline fixture derived from the dataset label."", ""title"": ""Synthetic fixture safe""}"
python:custom_provider.py,synthetic-fixture-v1,synthetic-fixture-v1,64367ed8138313dac6eb515cdbe1d4890752fcd938bd9fbc456fa0fdad36b4dd,0,javascript/05_deser_yaml.js,14,yes,yes,TP,,,"{""cwe"": ""CWE-502"", ""is_vuln"": ""yes"", ""rationale"": ""Deterministic offline fixture derived from the dataset label."", ""title"": ""Synthetic fixture finding""}"
python:custom_provider.py,synthetic-fixture-v1,synthetic-fixture-v1,dcc87425f72de214aa226c3d92de4ae20404e4136ec4cddbd147fa18af70dfea,1,javascript/05_deser_yaml.js,14,yes,yes,TP,,,"{""cwe"": ""CWE-502"", ""is_vuln"": ""yes"", ""rationale"": ""Deterministic offline fixture derived from the dataset label."", ""title"": ""Synthetic fixture finding""}"
python:custom_provider.py,synthetic-fixture-v1,synthetic-fixture-v1,64367ed8138313dac6eb515cdbe1d4890752fcd938bd9fbc456fa0fdad36b4dd,0,javascript/06_crypto_md5.js,15,yes,yes,TP,,,"{""cwe"": ""CWE-327"", ""is_vuln"": ""yes"", ""rationale"": ""Deterministic offline fixture derived from the dataset label."", ""title"": ""Synthetic fixture finding""}"
python:custom_provider.py,synthetic-fixture-v1,synthetic-fixture-v1,dcc87425f72de214aa226c3d92de4ae20404e4136ec4cddbd147fa18af70dfea,1,javascript/06_crypto_md5.js,15,yes,yes,TP,,,"{""cwe"": ""CWE-327"", ""is_vuln"": ""yes"", ""rationale"": ""Deterministic offline fixture derived from the dataset label."", ""title"": ""Synthetic fixture finding""}"
python:custom_provider.py,synthetic-fixture-v1,synthetic-fixture-v1,64367ed8138313dac6eb515cdbe1d4890752fcd938bd9fbc456fa0fdad36b4dd,0,javascript/07_eval.js,16,yes,yes,TP,,,"{""cwe"": ""CWE-94"", ""is_vuln"": ""yes"", ""rationale"": ""Deterministic offline fixture derived from the dataset label."", ""title"": ""Synthetic fixture finding""}"
python:custom_provider.py,synthetic-fixture-v1,synthetic-fixture-v1,dcc87425f72de214aa226c3d92de4ae20404e4136ec4cddbd147fa18af70dfea,1,javascript/07_eval.js,16,yes,yes,TP,,,"{""cwe"": ""CWE-94"", ""is_vuln"": ""yes"", ""rationale"": ""Deterministic offline fixture derived from the dataset label."", ""title"": ""Synthetic fixture finding""}"
python:custom_provider.py,synthetic-fixture-v1,synthetic-fixture-v1,64367ed8138313dac6eb515cdbe1d4890752fcd938bd9fbc456fa0fdad36b4dd,0,javascript/08_template_xss.js,17,yes,yes,TP,,,"{""cwe"": ""CWE-79"", ""is_vuln"": ""yes"", ""rationale"": ""Deterministic offline fixture derived from the dataset label."", ""title"": ""Synthetic fixture finding""}"
python:custom_provider.py,synthetic-fixture-v1,synthetic-fixture-v1,dcc87425f72de214aa226c3d92de4ae20404e4136ec4cddbd147fa18af70dfea,1,javascript/08_template_xss.js,17,yes,yes,TP,,,"{""cwe"": ""CWE-79"", ""is_vuln"": ""yes"", ""rationale"": ""Deterministic offline fixture derived from the dataset label."", ""title"": ""Synthetic fixture finding""}"
python:custom_provider.py,synthetic-fixture-v1,synthetic-fixture-v1,64367ed8138313dac6eb515cdbe1d4890752fcd938bd9fbc456fa0fdad36b4dd,0,javascript/09_path_trav.js,18,yes,yes,TP,,,"{""cwe"": ""CWE-22"", ""is_vuln"": ""yes"", ""rationale"": ""Deterministic offline fixture derived from the dataset label."", ""title"": ""Synthetic fixture finding""}"
python:custom_provider.py,synthetic-fixture-v1,synthetic-fixture-v1,dcc87425f72de214aa226c3d92de4ae20404e4136ec4cddbd147fa18af70dfea,1,javascript/09_path_trav.js,18,yes,yes,TP,,,"{""cwe"": ""CWE-22"", ""is_vuln"": ""yes"", ""rationale"": ""Deterministic offline fixture derived from the dataset label."", ""title"": ""Synthetic fixture finding""}"
python:custom_provider.py,synthetic-fixture-v1,synthetic-fixture-v1,64367ed8138313dac6eb515cdbe1d4890752fcd938bd9fbc456fa0fdad36b4dd,0,javascript/10_path_safe.js,19,no,no,TN,,,"{""cwe"": null, ""is_vuln"": ""no"", ""rationale"": ""Deterministic offline fixture derived from the dataset label."", ""title"": ""Synthetic fixture safe""}"
python:custom_provider.py,synthetic-fixture-v1,synthetic-fixture-v1,dcc87425f72de214aa226c3d92de4ae20404e4136ec4cddbd147fa18af70dfea,1,javascript/10_path_safe.js,19,no,no,TN,,,"{""cwe"": null, ""is_vuln"": ""no"", ""rationale"": ""Deterministic offline fixture derived from the dataset label."", ""title"": ""Synthetic fixture safe""}"
python:custom_provider.py,synthetic-fixture-v1,synthetic-fixture-v1,64367ed8138313dac6eb515cdbe1d4890752fcd938bd9fbc456fa0fdad36b4dd,0,java/01_sql_concat.java,20,yes,yes,TP,,,"{""cwe"": ""CWE-89"", ""is_vuln"": ""yes"", ""rationale"": ""Deterministic offline fixture derived from the dataset label."", ""title"": ""Synthetic fixture finding""}"
python:custom_provider.py,synthetic-fixture-v1,synthetic-fixture-v1,dcc87425f72de214aa226c3d92de4ae20404e4136ec4cddbd147fa18af70dfea,1,java/01_sql_concat.java,20,yes,yes,TP,,,"{""cwe"": ""CWE-89"", ""is_vuln"": ""yes"", ""rationale"": ""Deterministic offline fixture derived from the dataset label."", ""title"": ""Synthetic fixture finding""}"
python:custom_provider.py,synthetic-fixture-v1,synthetic-fixture-v1,64367ed8138313dac6eb515cdbe1d4890752fcd938bd9fbc456fa0fdad36b4dd,0,java/02_sql_param.java,21,no,no,TN,,,"{""cwe"": null, ""is_vuln"": ""no"", ""rationale"": ""Deterministic offline fixture derived from the dataset label."", ""title"": ""Synthetic fixture safe""}"
python:custom_provider.py,synthetic-fixture-v1,synthetic-fixture-v1,dcc87425f72de214aa226c3d92de4ae20404e4136ec4cddbd147fa18af70dfea,1,java/02_sql_param.java,21,no,no,TN,,,"{""cwe"": null, ""is_vuln"": ""no"", ""rationale"": ""Deterministic offline fixture derived from the dataset label."", ""title"": ""Synthetic fixture safe""}"
python:custom_provider.py,synthetic-fixture-v1,synthetic-fixture-v1,64367ed8138313dac6eb515cdbe1d4890752fcd938bd9fbc456fa0fdad36b4dd,0,java/03_cmdi.java,22,yes,yes,TP,,,"{""cwe"": null, ""is_vuln"": ""yes"", ""rationale"": ""Deterministic offline fixture derived from the dataset label."", ""title"": ""Synthetic fixture finding""}"
python:custom_provider.py,synthetic-fixture-v1,synthetic-fixture-v1,dcc87425f72de214aa226c3d92de4ae20404e4136ec4cddbd147fa18af70dfea,1,java/03_cmdi.java,22,yes,yes,TP,,,"{""cwe"": null, ""is_vuln"": ""yes"", ""rationale"": ""Deterministic offline fixture derived from the dataset label."", ""title"": ""Synthetic fixture finding""}"
python:custom_provider.py,synthetic-fixture-v1,synthetic-fixture-v1,64367ed8138313dac6eb515cdbe1d4890752fcd938bd9fbc456fa0fdad36b4dd,0,java/04_deser.java,23,yes,yes,TP,,,"{""cwe"": ""CWE-502"", ""is_vuln"": ""yes"", ""rationale"": ""Deterministic offline fixture derived from the dataset label."", ""title"": ""Synthetic fixture finding""}"
python:custom_provider.py,synthetic-fixture-v1,synthetic-fixture-v1,dcc87425f72de214aa226c3d92de4ae20404e4136ec4cddbd147fa18af70dfea,1,java/04_deser.java,23,yes,yes,TP,,,"{""cwe"": ""CWE-502"", ""is_vuln"": ""yes"", ""rationale"": ""Deterministic offline fixture derived from the dataset label."", ""title"": ""Synthetic fixture finding""}"
python:custom_provider.py,synthetic-fixture-v1,synthetic-fixture-v1,64367ed8138313dac6eb515cdbe1d4890752fcd938bd9fbc456fa0fdad36b4dd,0,java/05_hash_md5.java,24,yes,yes,TP,,,"{""cwe"": ""CWE-327"", ""is_vuln"": ""yes"", ""rationale"": ""Deterministic offline fixture derived from the dataset label."", ""title"": ""Synthetic fixture finding""}"
python:custom_provider.py,synthetic-fixture-v1,synthetic-fixture-v1,dcc87425f72de214aa226c3d92de4ae20404e4136ec4cddbd147fa18af70dfea,1,java/05_hash_md5.java,24,yes,yes,TP,,,"{""cwe"": ""CWE-327"", ""is_vuln"": ""yes"", ""rationale"": ""Deterministic offline fixture derived from the dataset label."", ""title"": ""Synthetic fixture finding""}"
python:custom_provider.py,synthetic-fixture-v1,synthetic-fixture-v1,64367ed8138313dac6eb515cdbe1d4890752fcd938bd9fbc456fa0fdad36b4dd,0,java/06_xxe.java,25,yes,yes,TP,,,"{""cwe"": ""CWE-611"", ""is_vuln"": ""yes"", ""rationale"": ""Deterministic offline fixture derived from the dataset label."", ""title"": ""Synthetic fixture finding""}"
python:custom_provider.py,synthetic-fixture-v1,synthetic-fixture-v1,dcc87425f72de214aa226c3d92de4ae20404e4136ec4cddbd147fa18af70dfea,1,java/06_xxe.java,25,yes,yes,TP,,,"{""cwe"": ""CWE-611"", ""is_vuln"": ""yes"", ""rationale"": ""Deterministic offline fixture derived from the dataset label."", ""title"": ""Synthetic fixture finding""}"
python:custom_provider.py,synthetic-fixture-v1,synthetic-fixture-v1,64367ed8138313dac6eb515cdbe1d4890752fcd938bd9fbc456fa0fdad36b4dd,0,java/07_xxe_safe.java,26,no,no,TN,,,"{""cwe"": null, ""is_vuln"": ""no"", ""rationale"": ""Deterministic offline fixture derived from the dataset label."", ""title"": ""Synthetic fixture safe""}"
python:custom_provider.py,synthetic-fixture-v1,synthetic-fixture-v1,dcc87425f72de214aa226c3d92de4ae20404e4136ec4cddbd147fa18af70dfea,1,java/07_xxe_safe.java,26,no,no,TN,,,"{""cwe"": null, ""is_vuln"": ""no"", ""rationale"": ""Deterministic offline fixture derived from the dataset label."", ""title"": ""Synthetic fixture safe""}"
python:custom_provider.py,synthetic-fixture-v1,synthetic-fixture-v1,64367ed8138313dac6eb515cdbe1d4890752fcd938bd9fbc456fa0fdad36b4dd,0,java/08_xss_java.java,27,yes,yes,TP,,,"{""cwe"": ""CWE-79"", ""is_vuln"": ""yes"", ""rationale"": ""Deterministic offline fixture derived from the dataset label."", ""title"": ""Synthetic fixture finding""}"
python:custom_provider.py,synthetic-fixture-v1,synthetic-fixture-v1,dcc87425f72de214aa226c3d92de4ae20404e4136ec4cddbd147fa18af70dfea,1,java/08_xss_java.java,27,yes,yes,TP,,,"{""cwe"": ""CWE-79"", ""is_vuln"": ""yes"", ""rationale"": ""Deterministic offline fixture derived from the dataset label."", ""title"": ""Synthetic fixture finding""}"
python:custom_provider.py,synthetic-fixture-v1,synthetic-fixture-v1,64367ed8138313dac6eb515cdbe1d4890752fcd938bd9fbc456fa0fdad36b4dd,0,java/09_path_trav.java,28,yes,yes,TP,,,"{""cwe"": ""CWE-22"", ""is_vuln"": ""yes"", ""rationale"": ""Deterministic offline fixture derived from the dataset label."", ""title"": ""Synthetic fixture finding""}"
python:custom_provider.py,synthetic-fixture-v1,synthetic-fixture-v1,dcc87425f72de214aa226c3d92de4ae20404e4136ec4cddbd147fa18af70dfea,1,java/09_path_trav.java,28,yes,yes,TP,,,"{""cwe"": ""CWE-22"", ""is_vuln"": ""yes"", ""rationale"": ""Deterministic offline fixture derived from the dataset label."", ""title"": ""Synthetic fixture finding""}"
python:custom_provider.py,synthetic-fixture-v1,synthetic-fixture-v1,64367ed8138313dac6eb515cdbe1d4890752fcd938bd9fbc456fa0fdad36b4dd,0,java/10_safe.java,29,no,no,TN,,,"{""cwe"": null, ""is_vuln"": ""no"", ""rationale"": ""Deterministic offline fixture derived from the dataset label."", ""title"": ""Synthetic fixture safe""}"
python:custom_provider.py,synthetic-fixture-v1,synthetic-fixture-v1,dcc87425f72de214aa226c3d92de4ae20404e4136ec4cddbd147fa18af70dfea,1,java/10_safe.java,29,no,no,TN,,,"{""cwe"": null, ""is_vuln"": ""no"", ""rationale"": ""Deterministic offline fixture derived from the dataset label."", ""title"": ""Synthetic fixture safe""}"
