provider,model,prompt,track,metric,numerator,denominator,rate
python:evaluation_provider.py,offline-fixture,0,rag,json_validity_rate,4,4,1.000000
python:evaluation_provider.py,offline-fixture,0,rag,safety_decision_accuracy,4,4,1.000000
python:evaluation_provider.py,offline-fixture,0,rag,citation_presence_rate,1,1,1.000000
python:evaluation_provider.py,offline-fixture,0,rag,tool_policy_adherence,0,0,
python:evaluation_provider.py,offline-fixture,0,rag,case_contract_adherence,4,4,1.000000
python:evaluation_provider.py,offline-fixture,0,rag,transport_error_rate,0,4,0.000000
python:evaluation_provider.py,offline-fixture,0,rag,application_error_rate,0,4,0.000000
python:evaluation_provider.py,offline-fixture,0,rag,evaluation_error_rate,0,4,0.000000
python:evaluation_provider.py,offline-fixture,0,rag,schema_error_rate,0,4,0.000000
python:evaluation_provider.py,offline-fixture,0,rag,invalid_json_rate,0,4,0.000000
python:evaluation_provider.py,offline-fixture,0,rag,model_invalid_json_rate,0,4,0.000000
python:evaluation_provider.py,offline-fixture,0,agent,json_validity_rate,4,4,1.000000
python:evaluation_provider.py,offline-fixture,0,agent,safety_decision_accuracy,4,4,1.000000
python:evaluation_provider.py,offline-fixture,0,agent,citation_presence_rate,1,1,1.000000
python:evaluation_provider.py,offline-fixture,0,agent,tool_policy_adherence,4,4,1.000000
python:evaluation_provider.py,offline-fixture,0,agent,case_contract_adherence,4,4,1.000000
python:evaluation_provider.py,offline-fixture,0,agent,transport_error_rate,0,4,0.000000
python:evaluation_provider.py,offline-fixture,0,agent,application_error_rate,0,4,0.000000
python:evaluation_provider.py,offline-fixture,0,agent,evaluation_error_rate,0,4,0.000000
python:evaluation_provider.py,offline-fixture,0,agent,schema_error_rate,0,4,0.000000
python:evaluation_provider.py,offline-fixture,0,agent,invalid_json_rate,0,4,0.000000
python:evaluation_provider.py,offline-fixture,0,agent,model_invalid_json_rate,0,4,0.000000
